,Champion,Role,Faction,Sentiment,Vader Sentiment,Community
0,Aatrox,Fighter,Runeterra,5.666131886,-0.1440171875,0
1,Ahri,Mage,Ionia,5.674285714,0.0689975501113586,1
2,Akali,Assassin,Ionia,5.488501482,-0.0101728813559322,10
3,Akshan,Marksman,Shurima,5.518679092,0.0180087248322147,3
4,Alistar,Tank,Runeterra,5.683728814,0.0598882352941176,4
5,Amumu,Tank,Shurima,6.128461538,0.28495,1
6,Anivia,Mage,Freljord,5.8,0.0127326923076923,5
7,Annie,Mage,Runeterra,5.824096386,0.1814756756756756,5
8,Aphelios,Marksman,Targon,5.484251618,0.0032012345679012,6
9,Ashe,Marksman,Freljord,5.595172414,0.0367897482014388,5
10,Aurelion Sol,Mage,Targon,5.498458581,0.0923283524904215,6
11,Azir,Mage,Shurima,5.458644497,0.0321119205298013,0
12,Bard,Support,Runeterra,5.67114094,0.0104774647887323,6
13,Blitzcrank,Tank,Zaun,5.372,-0.075520879120879,7
14,Brand,Mage,Runeterra,5.37,0.0422173076923076,0
15,Braum,Support,Freljord,5.756103846,0.1566537634408601,5
16,Caitlyn,Marksman,Piltover,5.4,0.0763879844961241,7
17,Camille,Fighter,Piltover,5.553934439,-0.0358924870466321,7
18,Cassiopeia,Mage,Noxus,5.544424242,0.0231535353535353,0
19,Cho'Gath,Tank,Void,5.551666667,-0.0183429752066115,8
20,Corki,Marksman,Bandle City,5.640537634,0.1269952380952381,4
21,Darius,Fighter,Noxus,6.056666667,-0.0458440806045339,9
22,Diana,Fighter,Targon,5.559610706,-0.00281875,3
23,Dr. Mundo,Fighter,Zaun,5.31884058,0.0974705329153605,7
24,Draven,Marksman,Noxus,5.413333333,0.090263829787234,4
25,Ekko,Assassin,Zaun,5.413714286,0.0457653465346534,7
26,Elise,Mage,Blessed Isles,4.972,0.112042,1
27,Evelynn,Assassin,Runeterra,5.804615385,0.0872554838709677,2
28,Ezreal,Marksman,Piltover,5.532307692,0.0533114243323441,7
29,Fiddlesticks,Mage,Runeterra,4.052727273,0.0585762177650429,2
30,Fiora,Fighter,Demacia,5.523021277,0.0276828571428571,9
31,Fizz,Assassin,Runeterra,5.752093023,0.0589814814814814,2
32,Galio,Tank,Demacia,5.533333333,0.0065120654396728,9
33,Gangplank,Fighter,Bilgewater,5.364375,-0.0333469879518072,1
34,Garen,Fighter,Demacia,5.362631579,0.0366336448598131,9
35,Gnar,Fighter,Freljord,6.107554348,0.0362916666666666,5
36,Gragas,Fighter,Freljord,5.66,0.0207851063829787,5
37,Graves,Marksman,Bilgewater,5.193658537,-0.0959623188405796,3
38,Gwen,Fighter,Shadow Isles,5.605566465,0.160663698630137,3
39,Hecarim,Fighter,Blessed Isles,5.315,-0.0470961538461538,1
40,Heimerdinger,Mage,Piltover,5.852,0.0602042918454935,7
41,Illaoi,Fighter,Bilgewater,5.20375,0.0294947368421052,1
42,Irelia,Fighter,Ionia,5.366177169,0.0032509036144578,3
43,Ivern,Support,Ionia,6.023636364,0.0657171764705881,5
44,Janna,Support,Zaun,5.45,0.1060574999999999,7
45,Jarvan IV,Tank,Demacia,5.630318949,0.040624,9
46,Jax,Fighter,Runeterra,5.373076923,0.087616091954023,0
47,Jayce,Fighter,Piltover,5.584291845,0.1224421052631579,7
48,Jhin,Marksman,Ionia,6.137647059,0.0309919491525423,10
49,Jinx,Marksman,Zaun,5.064,0.0108362369337979,7
50,Kai'Sa,Marksman,Void,5.384758694,0.011323372781065,8
51,Kalista,Marksman,Blessed Isles,5.689989002,-0.069,1
52,Karma,Mage,Ionia,6.164,0.1009444444444444,10
53,Karthus,Mage,Blessed Isles,5.099422979,-0.0513333333333333,1
54,Kassadin,Assassin,Void,5.980930233,0.1321142857142857,8
55,Katarina,Assassin,Noxus,4.428571429,-0.0322561904761904,9
56,Kayle,Fighter,Demacia,5.739444444,-0.0475074074074074,9
57,Kayn,Fighter,Ionia,4.990909091,-0.14325,0
58,Kennen,Mage,Ionia,5.791730769,0.141645,10
59,Kha'Zix,Assassin,Void,5.51035865,0.0417733333333333,8
60,Kindred,Marksman,Runeterra,5.492925426,0.0296805882352941,1
61,Kled,Fighter,Noxus,5.71952381,-0.0342341666666666,4
62,Kog'Maw,Marksman,Void,5.054763705,-0.0011258064516129,8
63,LeBlanc,Assassin,Noxus,5.843333333,0.0320732142857142,9
64,Lee Sin,Fighter,Ionia,5.818181818,-0.0702427027027028,10
65,Leona,Tank,Targon,5.36,-0.0405690909090909,6
66,Lillia,Fighter,Ionia,5.774308315,0.1229698717948718,1
67,Lissandra,Mage,Freljord,5.365,-0.0063785714285714,5
68,Lucian,Marksman,Demacia,5.631333333,-0.0292226600985221,3
69,Lulu,Support,Bandle City,6.093333333,0.0399017857142857,4
70,Lux,Mage,Demacia,5.617837838,0.0269048780487804,9
71,Malphite,Tank,Ixtal,5.358571429,-0.0091694444444444,7
72,Malzahar,Mage,Void,5.3069,0.0713689655172413,8
73,Maokai,Tank,Blessed Isles,5.376667279,-0.0905774725274725,1
74,Master Yi,Assassin,Ionia,5.56,0.0201398550724637,7
75,Miss Fortune,Marksman,Bilgewater,5.5709375,0.0432166666666667,1
76,Mordekaiser,Fighter,Noxus,5.56,-0.0289776978417266,1
77,Morgana,Mage,Demacia,5.490833333,-0.0458985673352435,9
78,Nami,Support,Runeterra,5.58,0.0128946808510638,2
79,Nasus,Fighter,Shurima,5.305294118,-0.0188666666666666,0
80,Nautilus,Tank,Bilgewater,5.416923077,-0.0762681818181818,2
81,Neeko,Mage,Ixtal,5.478669843,0.1259349693251533,3
82,Nidalee,Assassin,Ixtal,5.428235294,0.0104773809523809,3
83,Nocturne,Assassin,Runeterra,4.597777778,-0.0097571428571428,2
84,Nunu & Willump,Tank,Freljord,0.0,0.0204527704485488,5
85,Olaf,Fighter,Freljord,5.352857143,0.04496875,3
86,Orianna,Mage,Piltover,5.676928571,0.0703230769230769,7
87,Ornn,Tank,Freljord,5.403623831,0.0318037037037037,5
88,Pantheon,Fighter,Targon,5.375731015,-0.0796604166666666,6
89,Poppy,Tank,Demacia,5.592605674,0.1009826086956521,4
90,Pyke,Support,Bilgewater,5.36875,-0.1003860068259385,3
91,Qiyana,Assassin,Ixtal,5.569601901,0.0235083798882681,3
92,Quinn,Marksman,Demacia,5.475086505,0.077756862745098,9
93,Rakan,Support,Ionia,5.0,0.0321158371040723,10
94,Rek'Sai,Fighter,Void,5.148806637,0.0332316666666666,8
95,Rell,Tank,Noxus,5.57624758,-0.0522141891891891,9
96,Renekton,Fighter,Shurima,5.705833333,-0.0524632183908045,0
97,Rengar,Assassin,Ixtal,5.409,0.0670377049180327,3
98,Riven,Fighter,Noxus,4.951111111,-0.0192292517006802,3
99,Rumble,Fighter,Bandle City,5.2,0.0694592307692307,7
100,Ryze,Mage,Runeterra,5.502974214,0.0252531531531531,0
101,Samira,Marksman,Noxus,5.512102778,0.0370810975609756,9
102,Sejuani,Tank,Freljord,5.544,-0.0124290909090909,5
103,Senna,Marksman,Blessed Isles,4.814285714,-0.0261126404494381,3
104,Seraphine,Mage,Piltover,5.496,0.116896840148699,7
105,Sett,Fighter,Ionia,5.536963022,0.0132097297297297,4
106,Shaco,Assassin,Runeterra,5.992521008,0.1069142857142857,2
107,Shen,Tank,Ionia,5.771911765,0.0600897959183673,10
108,Shyvana,Fighter,Demacia,5.603319088,0.0101746835443037,9
109,Singed,Tank,Zaun,5.946594595,0.0809178571428571,7
110,Sion,Tank,Noxus,5.736571429,-0.0900540166204987,9
111,Sivir,Marksman,Shurima,5.448907692,0.0442936708860759,0
112,Skarner,Fighter,Shurima,4.92,0.0146275862068965,7
113,Sona,Support,Demacia,5.764166667,0.0366555837563452,9
114,Soraka,Support,Targon,5.7675,-0.0386783171521035,6
115,Swain,Mage,Noxus,5.248631249,-0.0359819112627986,9
116,Sylas,Mage,Demacia,4.726666667,-0.0292774193548387,9
117,Syndra,Mage,Ionia,5.607505285,0.0462166666666666,10
118,Tahm Kench,Support,Runeterra,5.434225879,0.0751059907834101,2
119,Taliyah,Mage,Shurima,5.337522138,0.0901586666666667,0
120,Talon,Assassin,Noxus,5.749044586,0.0637857142857142,9
121,Taric,Support,Targon,5.351577749,0.1651830601092897,6
122,Teemo,Marksman,Bandle City,5.772,0.0205175438596491,4
123,Thresh,Support,Blessed Isles,5.002,0.0066041025641025,1
124,Tristana,Marksman,Bandle City,5.453913043,0.0347892966360856,4
125,Trundle,Fighter,Freljord,5.28,-0.0325957142857142,5
126,Tryndamere,Fighter,Freljord,5.209,0.0522684210526315,5
127,Twisted Fate,Mage,Bilgewater,5.449369676,0.1525666666666666,4
128,Twitch,Marksman,Zaun,5.561285211,0.03348,7
129,Udyr,Fighter,Freljord,5.035,0.0271453781512605,5
130,Urgot,Fighter,Zaun,5.701363636,-0.0618649006622516,7
131,Varus,Marksman,Ionia,4.5925,0.0084577777777777,0
132,Vayne,Marksman,Demacia,4.666,-0.0511180124223602,3
133,Veigar,Mage,Bandle City,5.377058824,0.0339134615384615,4
134,Vel'Koz,Mage,Void,5.342216495,0.0200499999999999,8
135,Vex,Mage,Shadow Isles,0.0,-0.0249145833333333,3
136,Vi,Fighter,Piltover,5.169674915,0.0555691176470588,7
137,Viego,Assassin,Blessed Isles,5.62108093,-0.0534231292517007,3
138,Viktor,Mage,Zaun,5.94200565,0.0716577777777777,7
139,Vladimir,Mage,Noxus,5.626206897,0.0838,9
140,Volibear,Fighter,Freljord,5.346538526,-0.0439733333333333,5
141,Warwick,Fighter,Zaun,5.55504636,-0.0629584615384615,7
142,Wukong,Fighter,Ionia,5.614595381,0.1280421296296297,1
143,Xayah,Marksman,Ionia,5.658947368,0.0002032310177705,10
144,Xerath,Mage,Shurima,5.816666667,-0.003535,0
145,Xin Zhao,Fighter,Demacia,4.971666667,0.0253185628742514,9
146,Yasuo,Fighter,Ionia,5.123076923,-0.0297306843267107,1
147,Yone,Assassin,Ionia,5.143846154,-0.0486667832167831,1
148,Yorick,Fighter,Blessed Isles,5.403857782,-0.0461284,1
149,Yuumi,Support,Bandle City,5.821101017,0.1224073446327683,4
150,Zac,Tank,Zaun,5.509691689,0.00701,7
151,Zed,Assassin,Ionia,4.916363636,-0.0308147186147186,10
152,Ziggs,Mage,Zaun,4.91537037,0.0812729729729729,7
153,Zilean,Support,Runeterra,5.836142857,0.1568238095238095,0
154,Zoe,Mage,Targon,5.641866651,0.1660503267973855,6
155,Zyra,Mage,Ixtal,5.249824561,0.0195616666666666,3
